{
   "MinLon": 15247880.349464957,
   "MinLat": 4184620.980306396,
   "MaxLon": 15249433.959420573,
   "MaxLat": 4185640.417357813,
   "DLon": 1553.6099556162953,
   "DLat": 1019.4370514173061,
   "Count": 582,
   "Scale": 0.9710062222601846,
   "PGMFile": "higashi.pgm",
   "PGMWidth": 1600,
   "PGMHeight": 1050
}